{
  "US": {
    "All": {
      "peer_tier1_capital_ratio": 14.189880215351469,
      "peer_nim": 3.227497914961333,
      "peer_roa": 1.1430171543844347,
      "peer_cre_pct": 23.23031579420943,
      "count": 4421,
      "repdate": "20250630"
    },
    "$0\u2013$100M": {
      "peer_tier1_capital_ratio": 24.06300281367689,
      "peer_nim": 3.790791854740431,
      "peer_roa": 2.2138325346436973,
      "peer_cre_pct": 20.665149262633776,
      "count": 623,
      "repdate": "20250630"
    },
    "$100M\u2013$1B": {
      "peer_tier1_capital_ratio": 15.6932689964449,
      "peer_nim": 3.724925097420764,
      "peer_roa": 1.18605680814057,
      "peer_cre_pct": 41.35328297199049,
      "count": 2754,
      "repdate": "20250630"
    },
    "$1B\u2013$10B": {
      "peer_tier1_capital_ratio": 13.899960655481816,
      "peer_nim": 3.661022692778549,
      "peer_roa": 1.1788322166298553,
      "peer_cre_pct": 48.447499685907005,
      "count": 890,
      "repdate": "20250630"
    },
    "$10B\u2013$250B": {
      "peer_tier1_capital_ratio": 14.312198370309204,
      "peer_nim": 3.4841758550017192,
      "peer_roa": 1.1926227155510565,
      "peer_cre_pct": 28.475292473507213,
      "count": 141,
      "repdate": "20250630"
    },
    "$250B+": {
      "peer_tier1_capital_ratio": 14.084549702155838,
      "peer_nim": 2.976474092715577,
      "peer_roa": 1.106149239302772,
      "peer_cre_pct": 10.35014455690468,
      "count": 13,
      "repdate": "20250630"
    }
  }
}